trial,has_wave,has_rotation,final_energy,max_amplitude
0,"tensor(True, device='cuda:0')","tensor(True, device='cuda:0')",0.04052584618330002,0.3033770024776459
1,"tensor(True, device='cuda:0')","tensor(True, device='cuda:0')",0.036670342087745667,0.22857610881328583
2,"tensor(True, device='cuda:0')","tensor(True, device='cuda:0')",0.028686588630080223,0.2112291306257248
3,"tensor(True, device='cuda:0')","tensor(True, device='cuda:0')",0.032687120139598846,0.186872661113739
4,"tensor(True, device='cuda:0')","tensor(True, device='cuda:0')",0.041943855583667755,0.31711575388908386
5,"tensor(True, device='cuda:0')","tensor(True, device='cuda:0')",0.029187381267547607,0.31606778502464294
6,"tensor(True, device='cuda:0')","tensor(True, device='cuda:0')",0.026384055614471436,0.18693780899047852
7,"tensor(True, device='cuda:0')","tensor(True, device='cuda:0')",0.038790635764598846,0.24474075436592102
8,"tensor(True, device='cuda:0')","tensor(True, device='cuda:0')",0.040839336812496185,0.24496214091777802
9,"tensor(True, device='cuda:0')","tensor(True, device='cuda:0')",0.02832745388150215,0.3654031455516815
10,"tensor(True, device='cuda:0')","tensor(True, device='cuda:0')",0.03815721720457077,0.1979435384273529
11,"tensor(True, device='cuda:0')","tensor(True, device='cuda:0')",0.04000719636678696,0.19092857837677002
12,"tensor(True, device='cuda:0')","tensor(True, device='cuda:0')",0.03587359935045242,0.29769274592399597
13,"tensor(True, device='cuda:0')","tensor(True, device='cuda:0')",0.02740924060344696,0.27363765239715576
14,"tensor(True, device='cuda:0')","tensor(True, device='cuda:0')",0.02465021051466465,0.2777453362941742
15,"tensor(True, device='cuda:0')","tensor(True, device='cuda:0')",0.042100582271814346,0.22063271701335907
16,"tensor(True, device='cuda:0')","tensor(True, device='cuda:0')",0.030735518783330917,0.3213227689266205
17,"tensor(True, device='cuda:0')","tensor(True, device='cuda:0')",0.03263361006975174,0.23787052929401398
18,"tensor(True, device='cuda:0')","tensor(True, device='cuda:0')",0.02240079455077648,0.2112196534872055
19,"tensor(True, device='cuda:0')","tensor(True, device='cuda:0')",0.04457845911383629,0.24789737164974213
20,"tensor(True, device='cuda:0')","tensor(True, device='cuda:0')",0.036514535546302795,0.30415090918540955
21,"tensor(True, device='cuda:0')","tensor(True, device='cuda:0')",0.02715369313955307,0.2821654677391052
22,"tensor(True, device='cuda:0')","tensor(True, device='cuda:0')",0.03600677102804184,0.19234724342823029
23,"tensor(True, device='cuda:0')","tensor(True, device='cuda:0')",0.03458893671631813,0.25906166434288025
24,"tensor(True, device='cuda:0')","tensor(True, device='cuda:0')",0.026750337332487106,0.3160932958126068
25,"tensor(True, device='cuda:0')","tensor(True, device='cuda:0')",0.03497276455163956,0.2542210519313812
26,"tensor(True, device='cuda:0')","tensor(True, device='cuda:0')",0.04645727947354317,0.2797044813632965
27,"tensor(True, device='cuda:0')","tensor(True, device='cuda:0')",0.03386034816503525,0.2210545539855957
28,"tensor(True, device='cuda:0')","tensor(True, device='cuda:0')",0.04180760681629181,0.31959792971611023
29,"tensor(True, device='cuda:0')","tensor(True, device='cuda:0')",0.03222665190696716,0.2399829924106598
30,"tensor(True, device='cuda:0')","tensor(True, device='cuda:0')",0.048206448554992676,0.24656732380390167
31,"tensor(True, device='cuda:0')","tensor(True, device='cuda:0')",0.04794306308031082,0.29775387048721313
32,"tensor(True, device='cuda:0')","tensor(True, device='cuda:0')",0.04663366079330444,0.26583564281463623
33,"tensor(True, device='cuda:0')","tensor(True, device='cuda:0')",0.02728859707713127,0.2591795325279236
34,"tensor(True, device='cuda:0')","tensor(True, device='cuda:0')",0.0466005802154541,0.22808153927326202
35,"tensor(True, device='cuda:0')","tensor(True, device='cuda:0')",0.041671231389045715,0.26711878180503845
36,"tensor(True, device='cuda:0')","tensor(True, device='cuda:0')",0.03418304771184921,0.2217717170715332
37,"tensor(True, device='cuda:0')","tensor(True, device='cuda:0')",0.029458388686180115,0.24267344176769257
38,"tensor(True, device='cuda:0')","tensor(True, device='cuda:0')",0.043861787766218185,0.19859661161899567
39,"tensor(True, device='cuda:0')","tensor(True, device='cuda:0')",0.03147422522306442,0.20995023846626282
40,"tensor(True, device='cuda:0')","tensor(True, device='cuda:0')",0.031083188951015472,0.23231159150600433
41,"tensor(True, device='cuda:0')","tensor(True, device='cuda:0')",0.02159062959253788,0.20917145907878876
42,"tensor(True, device='cuda:0')","tensor(True, device='cuda:0')",0.048088155686855316,0.21915943920612335
43,"tensor(True, device='cuda:0')","tensor(True, device='cuda:0')",0.03966037556529045,0.3097575902938843
44,"tensor(True, device='cuda:0')","tensor(True, device='cuda:0')",0.03328097611665726,0.19924013316631317
45,"tensor(True, device='cuda:0')","tensor(True, device='cuda:0')",0.04051819443702698,0.26651790738105774
46,"tensor(True, device='cuda:0')","tensor(True, device='cuda:0')",0.04006174951791763,0.30393049120903015
47,"tensor(True, device='cuda:0')","tensor(True, device='cuda:0')",0.04847760498523712,0.26014161109924316
48,"tensor(True, device='cuda:0')","tensor(True, device='cuda:0')",0.03728514164686203,0.2943429946899414
49,"tensor(True, device='cuda:0')","tensor(True, device='cuda:0')",0.023968830704689026,0.22086568176746368
50,"tensor(True, device='cuda:0')","tensor(True, device='cuda:0')",0.032841771841049194,0.19566573202610016
51,"tensor(True, device='cuda:0')","tensor(True, device='cuda:0')",0.02545405551791191,0.23707476258277893
52,"tensor(True, device='cuda:0')","tensor(True, device='cuda:0')",0.03443598747253418,0.2770455479621887
53,"tensor(True, device='cuda:0')","tensor(True, device='cuda:0')",0.04287569969892502,0.21663136780261993
54,"tensor(True, device='cuda:0')","tensor(True, device='cuda:0')",0.0411662757396698,0.264949768781662
55,"tensor(True, device='cuda:0')","tensor(True, device='cuda:0')",0.020655296742916107,0.25131773948669434
56,"tensor(True, device='cuda:0')","tensor(True, device='cuda:0')",0.03257942944765091,0.22724711894989014
57,"tensor(True, device='cuda:0')","tensor(True, device='cuda:0')",0.05183424800634384,0.2776945233345032
58,"tensor(True, device='cuda:0')","tensor(True, device='cuda:0')",0.052533213049173355,0.21094560623168945
59,"tensor(True, device='cuda:0')","tensor(True, device='cuda:0')",0.03027990460395813,0.24991600215435028
60,"tensor(True, device='cuda:0')","tensor(True, device='cuda:0')",0.03459959849715233,0.2212725132703781
61,"tensor(True, device='cuda:0')","tensor(True, device='cuda:0')",0.04870682582259178,0.25697553157806396
62,"tensor(True, device='cuda:0')","tensor(True, device='cuda:0')",0.02254761941730976,0.3281022906303406
63,"tensor(True, device='cuda:0')","tensor(True, device='cuda:0')",0.03739755228161812,0.22243694961071014
64,"tensor(True, device='cuda:0')","tensor(True, device='cuda:0')",0.03972464054822922,0.260408878326416
65,"tensor(True, device='cuda:0')","tensor(True, device='cuda:0')",0.03458883985877037,0.200098916888237
66,"tensor(True, device='cuda:0')","tensor(True, device='cuda:0')",0.057392630726099014,0.27288952469825745
67,"tensor(True, device='cuda:0')","tensor(True, device='cuda:0')",0.043295394629240036,0.2772871255874634
68,"tensor(True, device='cuda:0')","tensor(True, device='cuda:0')",0.025767140090465546,0.2242916375398636
69,"tensor(True, device='cuda:0')","tensor(True, device='cuda:0')",0.05171283334493637,0.19073915481567383
70,"tensor(True, device='cuda:0')","tensor(True, device='cuda:0')",0.045136936008930206,0.24119214713573456
71,"tensor(True, device='cuda:0')","tensor(True, device='cuda:0')",0.03182455152273178,0.21271169185638428
72,"tensor(True, device='cuda:0')","tensor(True, device='cuda:0')",0.03513865917921066,0.2770678997039795
73,"tensor(True, device='cuda:0')","tensor(True, device='cuda:0')",0.027945270761847496,0.25063201785087585
74,"tensor(True, device='cuda:0')","tensor(True, device='cuda:0')",0.05793745070695877,0.348617821931839
75,"tensor(True, device='cuda:0')","tensor(True, device='cuda:0')",0.028153270483016968,0.3099167048931122
76,"tensor(True, device='cuda:0')","tensor(True, device='cuda:0')",0.03043072298169136,0.26568296551704407
77,"tensor(True, device='cuda:0')","tensor(True, device='cuda:0')",0.03697645291686058,0.2676796317100525
78,"tensor(True, device='cuda:0')","tensor(True, device='cuda:0')",0.022559212520718575,0.21413889527320862
79,"tensor(True, device='cuda:0')","tensor(True, device='cuda:0')",0.027274835854768753,0.19115528464317322
80,"tensor(True, device='cuda:0')","tensor(True, device='cuda:0')",0.03846312314271927,0.4361342489719391
81,"tensor(True, device='cuda:0')","tensor(True, device='cuda:0')",0.025977149605751038,0.2421383112668991
82,"tensor(True, device='cuda:0')","tensor(True, device='cuda:0')",0.03791250288486481,0.2550811469554901
83,"tensor(True, device='cuda:0')","tensor(True, device='cuda:0')",0.03431328758597374,0.25214698910713196
84,"tensor(True, device='cuda:0')","tensor(True, device='cuda:0')",0.03020576760172844,0.23323912918567657
85,"tensor(True, device='cuda:0')","tensor(True, device='cuda:0')",0.03614702820777893,0.25963547825813293
86,"tensor(True, device='cuda:0')","tensor(True, device='cuda:0')",0.03954419121146202,0.23008279502391815
87,"tensor(True, device='cuda:0')","tensor(True, device='cuda:0')",0.03605931997299194,0.2708195745944977
88,"tensor(True, device='cuda:0')","tensor(True, device='cuda:0')",0.0386757031083107,0.22876325249671936
89,"tensor(True, device='cuda:0')","tensor(True, device='cuda:0')",0.030490458011627197,0.22504690289497375
90,"tensor(True, device='cuda:0')","tensor(True, device='cuda:0')",0.0246594101190567,0.2751040756702423
91,"tensor(True, device='cuda:0')","tensor(True, device='cuda:0')",0.028917908668518066,0.24840913712978363
92,"tensor(True, device='cuda:0')","tensor(True, device='cuda:0')",0.0324425995349884,0.19848661124706268
93,"tensor(True, device='cuda:0')","tensor(True, device='cuda:0')",0.024570632725954056,0.20975223183631897
94,"tensor(True, device='cuda:0')","tensor(True, device='cuda:0')",0.04490973427891731,0.2090739756822586
95,"tensor(True, device='cuda:0')","tensor(True, device='cuda:0')",0.04910524934530258,0.28818562626838684
96,"tensor(True, device='cuda:0')","tensor(True, device='cuda:0')",0.030981533229351044,0.30873462557792664
97,"tensor(True, device='cuda:0')","tensor(True, device='cuda:0')",0.03473127260804176,0.2015441507101059
98,"tensor(True, device='cuda:0')","tensor(True, device='cuda:0')",0.03539557009935379,0.2357078343629837
99,"tensor(True, device='cuda:0')","tensor(True, device='cuda:0')",0.026705946773290634,0.29596635699272156
100,"tensor(True, device='cuda:0')","tensor(True, device='cuda:0')",0.033743925392627716,0.285799115896225
101,"tensor(True, device='cuda:0')","tensor(True, device='cuda:0')",0.04549498111009598,0.24525554478168488
102,"tensor(True, device='cuda:0')","tensor(True, device='cuda:0')",0.03798403590917587,0.24369828402996063
103,"tensor(True, device='cuda:0')","tensor(True, device='cuda:0')",0.027265703305602074,0.2500908672809601
104,"tensor(True, device='cuda:0')","tensor(True, device='cuda:0')",0.040125772356987,0.2909899652004242
105,"tensor(True, device='cuda:0')","tensor(True, device='cuda:0')",0.027140621095895767,0.21457774937152863
106,"tensor(True, device='cuda:0')","tensor(True, device='cuda:0')",0.05409427732229233,0.1992693394422531
107,"tensor(True, device='cuda:0')","tensor(True, device='cuda:0')",0.039227910339832306,0.25899189710617065
108,"tensor(True, device='cuda:0')","tensor(True, device='cuda:0')",0.03685528784990311,0.2671477496623993
109,"tensor(True, device='cuda:0')","tensor(True, device='cuda:0')",0.05036688596010208,0.2999097406864166
110,"tensor(True, device='cuda:0')","tensor(True, device='cuda:0')",0.04422679916024208,0.2579024136066437
111,"tensor(True, device='cuda:0')","tensor(True, device='cuda:0')",0.03464542329311371,0.22254149615764618
112,"tensor(True, device='cuda:0')","tensor(True, device='cuda:0')",0.04759633541107178,0.23529945313930511
113,"tensor(True, device='cuda:0')","tensor(True, device='cuda:0')",0.04681237041950226,0.24589014053344727
114,"tensor(True, device='cuda:0')","tensor(True, device='cuda:0')",0.021836407482624054,0.25043997168540955
115,"tensor(True, device='cuda:0')","tensor(True, device='cuda:0')",0.027724262326955795,0.22537796199321747
116,"tensor(True, device='cuda:0')","tensor(True, device='cuda:0')",0.04757586866617203,0.22913692891597748
117,"tensor(True, device='cuda:0')","tensor(True, device='cuda:0')",0.03026820905506611,0.20330996811389923
118,"tensor(True, device='cuda:0')","tensor(True, device='cuda:0')",0.03875822573900223,0.1915721744298935
119,"tensor(True, device='cuda:0')","tensor(True, device='cuda:0')",0.039466556161642075,0.2724139094352722
120,"tensor(True, device='cuda:0')","tensor(True, device='cuda:0')",0.03777450695633888,0.2786366939544678
121,"tensor(True, device='cuda:0')","tensor(True, device='cuda:0')",0.04330749064683914,0.30828678607940674
122,"tensor(True, device='cuda:0')","tensor(True, device='cuda:0')",0.030381985008716583,0.2633439898490906
123,"tensor(True, device='cuda:0')","tensor(True, device='cuda:0')",0.03738052025437355,0.2293912023305893
124,"tensor(True, device='cuda:0')","tensor(True, device='cuda:0')",0.038716644048690796,0.26057398319244385
125,"tensor(True, device='cuda:0')","tensor(True, device='cuda:0')",0.031781502068042755,0.22756598889827728
126,"tensor(True, device='cuda:0')","tensor(True, device='cuda:0')",0.03762555867433548,0.2561661899089813
127,"tensor(True, device='cuda:0')","tensor(True, device='cuda:0')",0.04727848991751671,0.2966221868991852
128,"tensor(True, device='cuda:0')","tensor(True, device='cuda:0')",0.042556654661893845,0.3618200123310089
129,"tensor(True, device='cuda:0')","tensor(True, device='cuda:0')",0.02675601840019226,0.23826995491981506
130,"tensor(True, device='cuda:0')","tensor(True, device='cuda:0')",0.05358962342143059,0.21144428849220276
131,"tensor(True, device='cuda:0')","tensor(True, device='cuda:0')",0.040129780769348145,0.24177968502044678
132,"tensor(True, device='cuda:0')","tensor(True, device='cuda:0')",0.031059883534908295,0.2740386426448822
133,"tensor(True, device='cuda:0')","tensor(True, device='cuda:0')",0.04207365959882736,0.22869229316711426
134,"tensor(True, device='cuda:0')","tensor(True, device='cuda:0')",0.025460757315158844,0.2293669730424881
135,"tensor(True, device='cuda:0')","tensor(True, device='cuda:0')",0.03483621031045914,0.20976558327674866
136,"tensor(True, device='cuda:0')","tensor(True, device='cuda:0')",0.036098282784223557,0.37186190485954285
137,"tensor(True, device='cuda:0')","tensor(True, device='cuda:0')",0.03558839112520218,0.21961358189582825
138,"tensor(True, device='cuda:0')","tensor(True, device='cuda:0')",0.030658435076475143,0.2546246647834778
139,"tensor(True, device='cuda:0')","tensor(True, device='cuda:0')",0.04803206026554108,0.27412357926368713
140,"tensor(True, device='cuda:0')","tensor(True, device='cuda:0')",0.039968401193618774,0.23144011199474335
141,"tensor(True, device='cuda:0')","tensor(True, device='cuda:0')",0.026247257366776466,0.25960853695869446
142,"tensor(True, device='cuda:0')","tensor(True, device='cuda:0')",0.02407757192850113,0.21214400231838226
143,"tensor(True, device='cuda:0')","tensor(True, device='cuda:0')",0.033843815326690674,0.23090636730194092
144,"tensor(True, device='cuda:0')","tensor(True, device='cuda:0')",0.041625358164310455,0.2676902115345001
145,"tensor(True, device='cuda:0')","tensor(True, device='cuda:0')",0.031668126583099365,0.22602036595344543
146,"tensor(True, device='cuda:0')","tensor(True, device='cuda:0')",0.02748091146349907,0.24836952984333038
147,"tensor(True, device='cuda:0')","tensor(True, device='cuda:0')",0.03894384205341339,0.2878398597240448
148,"tensor(True, device='cuda:0')","tensor(True, device='cuda:0')",0.04340127110481262,0.22374756634235382
149,"tensor(True, device='cuda:0')","tensor(True, device='cuda:0')",0.04494323581457138,0.26133817434310913
150,"tensor(True, device='cuda:0')","tensor(True, device='cuda:0')",0.030185513198375702,0.23016373813152313
151,"tensor(True, device='cuda:0')","tensor(True, device='cuda:0')",0.0362565852701664,0.25629833340644836
152,"tensor(True, device='cuda:0')","tensor(True, device='cuda:0')",0.025672685354948044,0.20148058235645294
153,"tensor(True, device='cuda:0')","tensor(True, device='cuda:0')",0.037882477045059204,0.2968702018260956
154,"tensor(True, device='cuda:0')","tensor(True, device='cuda:0')",0.03177914023399353,0.1714564859867096
155,"tensor(True, device='cuda:0')","tensor(True, device='cuda:0')",0.03341925889253616,0.20026293396949768
156,"tensor(True, device='cuda:0')","tensor(True, device='cuda:0')",0.04082838073372841,0.25176024436950684
157,"tensor(True, device='cuda:0')","tensor(True, device='cuda:0')",0.038202423602342606,0.22636571526527405
158,"tensor(True, device='cuda:0')","tensor(True, device='cuda:0')",0.023905552923679352,0.2037583589553833
159,"tensor(True, device='cuda:0')","tensor(True, device='cuda:0')",0.04867732152342796,0.2180311530828476
160,"tensor(True, device='cuda:0')","tensor(True, device='cuda:0')",0.0397992804646492,0.22169950604438782
161,"tensor(True, device='cuda:0')","tensor(True, device='cuda:0')",0.030391979962587357,0.22094635665416718
162,"tensor(True, device='cuda:0')","tensor(True, device='cuda:0')",0.04201897978782654,0.2585805654525757
163,"tensor(True, device='cuda:0')","tensor(True, device='cuda:0')",0.035372212529182434,0.24885272979736328
164,"tensor(True, device='cuda:0')","tensor(True, device='cuda:0')",0.029694074764847755,0.30605822801589966
165,"tensor(True, device='cuda:0')","tensor(True, device='cuda:0')",0.035877883434295654,0.19169901311397552
166,"tensor(True, device='cuda:0')","tensor(True, device='cuda:0')",0.03486473113298416,0.2621380090713501
167,"tensor(True, device='cuda:0')","tensor(True, device='cuda:0')",0.03233754262328148,0.27090439200401306
168,"tensor(True, device='cuda:0')","tensor(True, device='cuda:0')",0.02737918123602867,0.23516154289245605
169,"tensor(True, device='cuda:0')","tensor(True, device='cuda:0')",0.0306828822940588,0.30548715591430664
170,"tensor(True, device='cuda:0')","tensor(True, device='cuda:0')",0.041034042835235596,0.2907823324203491
171,"tensor(True, device='cuda:0')","tensor(True, device='cuda:0')",0.035908013582229614,0.2503530979156494
172,"tensor(True, device='cuda:0')","tensor(True, device='cuda:0')",0.04638379067182541,0.19715680181980133
173,"tensor(True, device='cuda:0')","tensor(True, device='cuda:0')",0.040505118668079376,0.2576236426830292
174,"tensor(True, device='cuda:0')","tensor(True, device='cuda:0')",0.02875009924173355,0.22177527844905853
175,"tensor(True, device='cuda:0')","tensor(True, device='cuda:0')",0.03953680768609047,0.26417598128318787
176,"tensor(True, device='cuda:0')","tensor(True, device='cuda:0')",0.03166285902261734,0.3183233439922333
177,"tensor(True, device='cuda:0')","tensor(True, device='cuda:0')",0.028682570904493332,0.2881026566028595
178,"tensor(True, device='cuda:0')","tensor(True, device='cuda:0')",0.038693562150001526,0.25224122405052185
179,"tensor(True, device='cuda:0')","tensor(True, device='cuda:0')",0.030355507507920265,0.3064369857311249
180,"tensor(True, device='cuda:0')","tensor(True, device='cuda:0')",0.03431481868028641,0.23996642231941223
181,"tensor(True, device='cuda:0')","tensor(True, device='cuda:0')",0.031602680683135986,0.24722500145435333
182,"tensor(True, device='cuda:0')","tensor(True, device='cuda:0')",0.03532379865646362,0.2373185008764267
183,"tensor(True, device='cuda:0')","tensor(True, device='cuda:0')",0.03315035253763199,0.28281402587890625
184,"tensor(True, device='cuda:0')","tensor(True, device='cuda:0')",0.03385245054960251,0.31397026777267456
185,"tensor(True, device='cuda:0')","tensor(True, device='cuda:0')",0.037248335778713226,0.19997058808803558
186,"tensor(True, device='cuda:0')","tensor(True, device='cuda:0')",0.03683604672551155,0.26601526141166687
187,"tensor(True, device='cuda:0')","tensor(True, device='cuda:0')",0.04769016057252884,0.2760862112045288
188,"tensor(True, device='cuda:0')","tensor(True, device='cuda:0')",0.035617645829916,0.20564208924770355
189,"tensor(True, device='cuda:0')","tensor(True, device='cuda:0')",0.03727521747350693,0.35254815220832825
190,"tensor(True, device='cuda:0')","tensor(True, device='cuda:0')",0.03414272516965866,0.2600191533565521
191,"tensor(True, device='cuda:0')","tensor(True, device='cuda:0')",0.041264716535806656,0.25334393978118896
192,"tensor(True, device='cuda:0')","tensor(True, device='cuda:0')",0.04810761660337448,0.22998671233654022
193,"tensor(True, device='cuda:0')","tensor(True, device='cuda:0')",0.03332801163196564,0.1951764076948166
194,"tensor(True, device='cuda:0')","tensor(True, device='cuda:0')",0.040870726108551025,0.2215898334980011
195,"tensor(True, device='cuda:0')","tensor(True, device='cuda:0')",0.02431601844727993,0.22978007793426514
196,"tensor(True, device='cuda:0')","tensor(True, device='cuda:0')",0.030267108231782913,0.27818697690963745
197,"tensor(True, device='cuda:0')","tensor(True, device='cuda:0')",0.033794764429330826,0.17701154947280884
198,"tensor(True, device='cuda:0')","tensor(True, device='cuda:0')",0.03004445880651474,0.20120523869991302
199,"tensor(True, device='cuda:0')","tensor(True, device='cuda:0')",0.02943965420126915,0.23545017838478088
200,"tensor(True, device='cuda:0')","tensor(True, device='cuda:0')",0.04215211793780327,0.21714377403259277
201,"tensor(True, device='cuda:0')","tensor(True, device='cuda:0')",0.02434309758245945,0.23714955151081085
202,"tensor(True, device='cuda:0')","tensor(True, device='cuda:0')",0.029311157763004303,0.20075929164886475
203,"tensor(True, device='cuda:0')","tensor(True, device='cuda:0')",0.04102519899606705,0.20123152434825897
204,"tensor(True, device='cuda:0')","tensor(True, device='cuda:0')",0.035128965973854065,0.24756042659282684
205,"tensor(True, device='cuda:0')","tensor(True, device='cuda:0')",0.025524647906422615,0.25212109088897705
206,"tensor(True, device='cuda:0')","tensor(True, device='cuda:0')",0.04299192130565643,0.3125884532928467
207,"tensor(True, device='cuda:0')","tensor(True, device='cuda:0')",0.044707030057907104,0.28136178851127625
208,"tensor(True, device='cuda:0')","tensor(True, device='cuda:0')",0.03754892200231552,0.21158234775066376
209,"tensor(True, device='cuda:0')","tensor(True, device='cuda:0')",0.030287519097328186,0.2159433364868164
210,"tensor(True, device='cuda:0')","tensor(True, device='cuda:0')",0.04624076560139656,0.22466354072093964
211,"tensor(True, device='cuda:0')","tensor(True, device='cuda:0')",0.027015753090381622,0.23503689467906952
212,"tensor(True, device='cuda:0')","tensor(True, device='cuda:0')",0.03348829597234726,0.3168583810329437
213,"tensor(True, device='cuda:0')","tensor(True, device='cuda:0')",0.03576170653104782,0.2966746389865875
214,"tensor(True, device='cuda:0')","tensor(True, device='cuda:0')",0.03142831474542618,0.2219095081090927
215,"tensor(True, device='cuda:0')","tensor(True, device='cuda:0')",0.030760809779167175,0.26744675636291504
216,"tensor(True, device='cuda:0')","tensor(True, device='cuda:0')",0.02460264228284359,0.26406773924827576
217,"tensor(True, device='cuda:0')","tensor(True, device='cuda:0')",0.03220023214817047,0.18447193503379822
218,"tensor(True, device='cuda:0')","tensor(True, device='cuda:0')",0.03037138096988201,0.3022368252277374
219,"tensor(True, device='cuda:0')","tensor(True, device='cuda:0')",0.035614386200904846,0.21959255635738373
220,"tensor(True, device='cuda:0')","tensor(True, device='cuda:0')",0.04450707137584686,0.22857439517974854
221,"tensor(True, device='cuda:0')","tensor(True, device='cuda:0')",0.031508881598711014,0.2721157968044281
222,"tensor(True, device='cuda:0')","tensor(True, device='cuda:0')",0.029784495010972023,0.34666523337364197
223,"tensor(True, device='cuda:0')","tensor(True, device='cuda:0')",0.041346997022628784,0.17724256217479706
224,"tensor(True, device='cuda:0')","tensor(True, device='cuda:0')",0.03938381001353264,0.21728456020355225
225,"tensor(True, device='cuda:0')","tensor(True, device='cuda:0')",0.0436018742620945,0.29522058367729187
226,"tensor(True, device='cuda:0')","tensor(True, device='cuda:0')",0.043621838092803955,0.22524122893810272
227,"tensor(True, device='cuda:0')","tensor(True, device='cuda:0')",0.038311660289764404,0.23097269237041473
228,"tensor(True, device='cuda:0')","tensor(True, device='cuda:0')",0.02793673798441887,0.2244269698858261
229,"tensor(True, device='cuda:0')","tensor(True, device='cuda:0')",0.02743859961628914,0.39124825596809387
230,"tensor(True, device='cuda:0')","tensor(True, device='cuda:0')",0.03310074284672737,0.190310537815094
231,"tensor(True, device='cuda:0')","tensor(True, device='cuda:0')",0.042293988168239594,0.23760615289211273
232,"tensor(True, device='cuda:0')","tensor(True, device='cuda:0')",0.03657614812254906,0.2646755278110504
233,"tensor(True, device='cuda:0')","tensor(True, device='cuda:0')",0.031265631318092346,0.24129143357276917
234,"tensor(True, device='cuda:0')","tensor(True, device='cuda:0')",0.032940059900283813,0.28328394889831543
235,"tensor(True, device='cuda:0')","tensor(True, device='cuda:0')",0.043544430285692215,0.2471848726272583
236,"tensor(True, device='cuda:0')","tensor(True, device='cuda:0')",0.0339251384139061,0.27197471261024475
237,"tensor(True, device='cuda:0')","tensor(True, device='cuda:0')",0.0361718013882637,0.19451482594013214
238,"tensor(True, device='cuda:0')","tensor(True, device='cuda:0')",0.035208918154239655,0.206352099776268
239,"tensor(True, device='cuda:0')","tensor(True, device='cuda:0')",0.03356284275650978,0.22040632367134094
240,"tensor(True, device='cuda:0')","tensor(True, device='cuda:0')",0.03150852769613266,0.25291141867637634
241,"tensor(True, device='cuda:0')","tensor(True, device='cuda:0')",0.04243618994951248,0.2754019796848297
242,"tensor(True, device='cuda:0')","tensor(True, device='cuda:0')",0.03286578133702278,0.23693148791790009
243,"tensor(True, device='cuda:0')","tensor(True, device='cuda:0')",0.02622668258845806,0.2875523269176483
244,"tensor(True, device='cuda:0')","tensor(True, device='cuda:0')",0.025519179180264473,0.2417348474264145
245,"tensor(True, device='cuda:0')","tensor(True, device='cuda:0')",0.04209796339273453,0.34156620502471924
246,"tensor(True, device='cuda:0')","tensor(True, device='cuda:0')",0.05464005470275879,0.3018042743206024
247,"tensor(True, device='cuda:0')","tensor(True, device='cuda:0')",0.03399091213941574,0.26478227972984314
248,"tensor(True, device='cuda:0')","tensor(True, device='cuda:0')",0.03956251218914986,0.27805376052856445
249,"tensor(True, device='cuda:0')","tensor(True, device='cuda:0')",0.04338165372610092,0.2652122676372528
250,"tensor(True, device='cuda:0')","tensor(True, device='cuda:0')",0.028249839320778847,0.2884303033351898
251,"tensor(True, device='cuda:0')","tensor(True, device='cuda:0')",0.03600316494703293,0.2605300843715668
252,"tensor(True, device='cuda:0')","tensor(True, device='cuda:0')",0.024374086409807205,0.2052244246006012
253,"tensor(True, device='cuda:0')","tensor(True, device='cuda:0')",0.033026717603206635,0.29210755228996277
254,"tensor(True, device='cuda:0')","tensor(True, device='cuda:0')",0.04230773448944092,0.21205270290374756
255,"tensor(True, device='cuda:0')","tensor(True, device='cuda:0')",0.024681750684976578,0.30603116750717163
256,"tensor(True, device='cuda:0')","tensor(True, device='cuda:0')",0.0371929369866848,0.2297586053609848
257,"tensor(True, device='cuda:0')","tensor(True, device='cuda:0')",0.04487527161836624,0.2634798288345337
258,"tensor(True, device='cuda:0')","tensor(True, device='cuda:0')",0.03409874066710472,0.24724645912647247
259,"tensor(True, device='cuda:0')","tensor(True, device='cuda:0')",0.03366000950336456,0.1884472370147705
260,"tensor(True, device='cuda:0')","tensor(True, device='cuda:0')",0.04956163838505745,0.2298002690076828
261,"tensor(True, device='cuda:0')","tensor(True, device='cuda:0')",0.051439203321933746,0.22029034793376923
262,"tensor(True, device='cuda:0')","tensor(True, device='cuda:0')",0.037756964564323425,0.22127823531627655
263,"tensor(True, device='cuda:0')","tensor(True, device='cuda:0')",0.05632751062512398,0.2397281974554062
264,"tensor(True, device='cuda:0')","tensor(True, device='cuda:0')",0.03805667906999588,0.25494706630706787
265,"tensor(True, device='cuda:0')","tensor(True, device='cuda:0')",0.039925266057252884,0.27258798480033875
266,"tensor(True, device='cuda:0')","tensor(True, device='cuda:0')",0.0422273650765419,0.24820151925086975
267,"tensor(True, device='cuda:0')","tensor(True, device='cuda:0')",0.02726989984512329,0.3043687343597412
268,"tensor(True, device='cuda:0')","tensor(True, device='cuda:0')",0.03745144605636597,0.2359391748905182
269,"tensor(True, device='cuda:0')","tensor(True, device='cuda:0')",0.04256182536482811,0.25003260374069214
270,"tensor(True, device='cuda:0')","tensor(True, device='cuda:0')",0.032792262732982635,0.23357896506786346
271,"tensor(True, device='cuda:0')","tensor(True, device='cuda:0')",0.03598564863204956,0.2894945740699768
272,"tensor(True, device='cuda:0')","tensor(True, device='cuda:0')",0.030257809907197952,0.23308415710926056
273,"tensor(True, device='cuda:0')","tensor(True, device='cuda:0')",0.03581427037715912,0.2173033505678177
274,"tensor(True, device='cuda:0')","tensor(True, device='cuda:0')",0.036863282322883606,0.27004358172416687
275,"tensor(True, device='cuda:0')","tensor(True, device='cuda:0')",0.02265501394867897,0.18410126864910126
276,"tensor(True, device='cuda:0')","tensor(True, device='cuda:0')",0.05168828368186951,0.3353292644023895
277,"tensor(True, device='cuda:0')","tensor(True, device='cuda:0')",0.05258893594145775,0.23026195168495178
278,"tensor(True, device='cuda:0')","tensor(True, device='cuda:0')",0.0319676399230957,0.2779827117919922
279,"tensor(True, device='cuda:0')","tensor(True, device='cuda:0')",0.028376486152410507,0.2849218547344208
280,"tensor(True, device='cuda:0')","tensor(True, device='cuda:0')",0.032222189009189606,0.2274976223707199
281,"tensor(True, device='cuda:0')","tensor(True, device='cuda:0')",0.033778298646211624,0.2844841182231903
282,"tensor(True, device='cuda:0')","tensor(True, device='cuda:0')",0.04297007620334625,0.22374358773231506
283,"tensor(True, device='cuda:0')","tensor(True, device='cuda:0')",0.04815906286239624,0.29148563742637634
284,"tensor(True, device='cuda:0')","tensor(True, device='cuda:0')",0.05034662038087845,0.23447072505950928
285,"tensor(True, device='cuda:0')","tensor(True, device='cuda:0')",0.02727733738720417,0.22315414249897003
286,"tensor(True, device='cuda:0')","tensor(True, device='cuda:0')",0.02597033977508545,0.2805292308330536
287,"tensor(True, device='cuda:0')","tensor(True, device='cuda:0')",0.036366622895002365,0.27623242139816284
288,"tensor(True, device='cuda:0')","tensor(True, device='cuda:0')",0.027753762900829315,0.19482117891311646
289,"tensor(True, device='cuda:0')","tensor(True, device='cuda:0')",0.027701320126652718,0.2679075002670288
290,"tensor(True, device='cuda:0')","tensor(True, device='cuda:0')",0.047101400792598724,0.214729905128479
291,"tensor(True, device='cuda:0')","tensor(True, device='cuda:0')",0.035152189433574677,0.21205821633338928
292,"tensor(True, device='cuda:0')","tensor(True, device='cuda:0')",0.04675256460905075,0.2464187890291214
293,"tensor(True, device='cuda:0')","tensor(True, device='cuda:0')",0.03600477799773216,0.20479924976825714
294,"tensor(True, device='cuda:0')","tensor(True, device='cuda:0')",0.02847813069820404,0.2273825705051422
295,"tensor(True, device='cuda:0')","tensor(True, device='cuda:0')",0.04145495593547821,0.24856829643249512
296,"tensor(True, device='cuda:0')","tensor(True, device='cuda:0')",0.03419332206249237,0.2432488054037094
297,"tensor(True, device='cuda:0')","tensor(True, device='cuda:0')",0.02740003913640976,0.19429533183574677
298,"tensor(True, device='cuda:0')","tensor(True, device='cuda:0')",0.026696784421801567,0.28259146213531494
299,"tensor(True, device='cuda:0')","tensor(True, device='cuda:0')",0.028949137777090073,0.2399776726961136
300,"tensor(True, device='cuda:0')","tensor(True, device='cuda:0')",0.04101269692182541,0.2897162139415741
301,"tensor(True, device='cuda:0')","tensor(True, device='cuda:0')",0.03339613229036331,0.23971496522426605
302,"tensor(True, device='cuda:0')","tensor(True, device='cuda:0')",0.03717115521430969,0.2232925146818161
303,"tensor(True, device='cuda:0')","tensor(True, device='cuda:0')",0.052291203290224075,0.22881661355495453
304,"tensor(True, device='cuda:0')","tensor(True, device='cuda:0')",0.041776396334171295,0.27940624952316284
305,"tensor(True, device='cuda:0')","tensor(True, device='cuda:0')",0.03609612584114075,0.14751921594142914
306,"tensor(True, device='cuda:0')","tensor(True, device='cuda:0')",0.04018568992614746,0.21793857216835022
307,"tensor(True, device='cuda:0')","tensor(True, device='cuda:0')",0.028942715376615524,0.19078367948532104
308,"tensor(True, device='cuda:0')","tensor(True, device='cuda:0')",0.04013022035360336,0.236153244972229
309,"tensor(True, device='cuda:0')","tensor(True, device='cuda:0')",0.03248610347509384,0.1915019452571869
310,"tensor(True, device='cuda:0')","tensor(True, device='cuda:0')",0.04332374781370163,0.2068164199590683
311,"tensor(True, device='cuda:0')","tensor(True, device='cuda:0')",0.03054036572575569,0.2544279992580414
312,"tensor(True, device='cuda:0')","tensor(True, device='cuda:0')",0.03507750481367111,0.22980749607086182
313,"tensor(True, device='cuda:0')","tensor(True, device='cuda:0')",0.03551345691084862,0.3065907657146454
314,"tensor(True, device='cuda:0')","tensor(True, device='cuda:0')",0.03843081369996071,0.24073271453380585
315,"tensor(True, device='cuda:0')","tensor(True, device='cuda:0')",0.04289839789271355,0.22084592282772064
316,"tensor(True, device='cuda:0')","tensor(True, device='cuda:0')",0.03651734068989754,0.21436674892902374
317,"tensor(True, device='cuda:0')","tensor(True, device='cuda:0')",0.057279765605926514,0.20558033883571625
318,"tensor(True, device='cuda:0')","tensor(True, device='cuda:0')",0.03146980702877045,0.27491986751556396
319,"tensor(True, device='cuda:0')","tensor(True, device='cuda:0')",0.03731386363506317,0.32420113682746887
320,"tensor(True, device='cuda:0')","tensor(True, device='cuda:0')",0.026517998427152634,0.20809030532836914
321,"tensor(True, device='cuda:0')","tensor(True, device='cuda:0')",0.02792944759130478,0.27804404497146606
322,"tensor(True, device='cuda:0')","tensor(True, device='cuda:0')",0.045907121151685715,0.19894318282604218
323,"tensor(True, device='cuda:0')","tensor(True, device='cuda:0')",0.029158033430576324,0.21112151443958282
324,"tensor(True, device='cuda:0')","tensor(True, device='cuda:0')",0.03041270561516285,0.324442595243454
325,"tensor(True, device='cuda:0')","tensor(True, device='cuda:0')",0.03841979056596756,0.2686489522457123
326,"tensor(True, device='cuda:0')","tensor(True, device='cuda:0')",0.03662460297346115,0.21111242473125458
327,"tensor(True, device='cuda:0')","tensor(True, device='cuda:0')",0.04081027954816818,0.27948519587516785
328,"tensor(True, device='cuda:0')","tensor(True, device='cuda:0')",0.0346703976392746,0.24247486889362335
329,"tensor(True, device='cuda:0')","tensor(True, device='cuda:0')",0.043612368404865265,0.27546536922454834
330,"tensor(True, device='cuda:0')","tensor(True, device='cuda:0')",0.030302608385682106,0.20854540169239044
331,"tensor(True, device='cuda:0')","tensor(True, device='cuda:0')",0.029661232605576515,0.24372068047523499
332,"tensor(True, device='cuda:0')","tensor(True, device='cuda:0')",0.0452636182308197,0.25758931040763855
333,"tensor(True, device='cuda:0')","tensor(True, device='cuda:0')",0.026998206973075867,0.3267114758491516
334,"tensor(True, device='cuda:0')","tensor(True, device='cuda:0')",0.038947686553001404,0.2439202517271042
335,"tensor(True, device='cuda:0')","tensor(True, device='cuda:0')",0.04289768636226654,0.28460684418678284
336,"tensor(True, device='cuda:0')","tensor(True, device='cuda:0')",0.02270917221903801,0.2720986306667328
337,"tensor(True, device='cuda:0')","tensor(True, device='cuda:0')",0.03692787140607834,0.2882555425167084
338,"tensor(True, device='cuda:0')","tensor(True, device='cuda:0')",0.03948250412940979,0.2420394867658615
339,"tensor(True, device='cuda:0')","tensor(True, device='cuda:0')",0.03997670114040375,0.2872200012207031
340,"tensor(True, device='cuda:0')","tensor(True, device='cuda:0')",0.024974366649985313,0.20020456612110138
341,"tensor(True, device='cuda:0')","tensor(True, device='cuda:0')",0.03340325877070427,0.1870029717683792
342,"tensor(True, device='cuda:0')","tensor(True, device='cuda:0')",0.025263715535402298,0.256145715713501
343,"tensor(True, device='cuda:0')","tensor(True, device='cuda:0')",0.03127902373671532,0.22023256123065948
344,"tensor(True, device='cuda:0')","tensor(True, device='cuda:0')",0.030251169577240944,0.30519768595695496
345,"tensor(True, device='cuda:0')","tensor(True, device='cuda:0')",0.03804335743188858,0.24422787129878998
346,"tensor(True, device='cuda:0')","tensor(True, device='cuda:0')",0.026859702542424202,0.3321816623210907
347,"tensor(True, device='cuda:0')","tensor(True, device='cuda:0')",0.041109293699264526,0.24912551045417786
348,"tensor(True, device='cuda:0')","tensor(True, device='cuda:0')",0.03193286806344986,0.20366977155208588
349,"tensor(True, device='cuda:0')","tensor(True, device='cuda:0')",0.026446234434843063,0.2550654113292694
350,"tensor(True, device='cuda:0')","tensor(True, device='cuda:0')",0.03108738735318184,0.32438963651657104
351,"tensor(True, device='cuda:0')","tensor(True, device='cuda:0')",0.057396069169044495,0.24777232110500336
352,"tensor(True, device='cuda:0')","tensor(True, device='cuda:0')",0.03596533089876175,0.28790441155433655
353,"tensor(True, device='cuda:0')","tensor(True, device='cuda:0')",0.04707986116409302,0.28390735387802124
354,"tensor(True, device='cuda:0')","tensor(True, device='cuda:0')",0.030337167903780937,0.24474088847637177
355,"tensor(True, device='cuda:0')","tensor(True, device='cuda:0')",0.03193781524896622,0.3422147333621979
356,"tensor(True, device='cuda:0')","tensor(True, device='cuda:0')",0.038216326385736465,0.2774296998977661
357,"tensor(True, device='cuda:0')","tensor(True, device='cuda:0')",0.028122637420892715,0.2560823857784271
358,"tensor(True, device='cuda:0')","tensor(True, device='cuda:0')",0.026445822790265083,0.25914523005485535
359,"tensor(True, device='cuda:0')","tensor(True, device='cuda:0')",0.05056865140795708,0.2756733298301697
360,"tensor(True, device='cuda:0')","tensor(True, device='cuda:0')",0.03645050525665283,0.21830414235591888
361,"tensor(True, device='cuda:0')","tensor(True, device='cuda:0')",0.04279915243387222,0.21784065663814545
362,"tensor(True, device='cuda:0')","tensor(True, device='cuda:0')",0.03489062935113907,0.25932934880256653
363,"tensor(True, device='cuda:0')","tensor(True, device='cuda:0')",0.02829783782362938,0.2726842164993286
364,"tensor(True, device='cuda:0')","tensor(True, device='cuda:0')",0.049353741109371185,0.209445521235466
365,"tensor(True, device='cuda:0')","tensor(True, device='cuda:0')",0.022839941084384918,0.2904127538204193
366,"tensor(True, device='cuda:0')","tensor(True, device='cuda:0')",0.040921956300735474,0.29939597845077515
367,"tensor(True, device='cuda:0')","tensor(True, device='cuda:0')",0.044499266892671585,0.311382919549942
368,"tensor(True, device='cuda:0')","tensor(True, device='cuda:0')",0.0473523810505867,0.1864004135131836
369,"tensor(True, device='cuda:0')","tensor(True, device='cuda:0')",0.03784431517124176,0.27382370829582214
370,"tensor(True, device='cuda:0')","tensor(True, device='cuda:0')",0.04331769794225693,0.2226041555404663
371,"tensor(True, device='cuda:0')","tensor(True, device='cuda:0')",0.03588132932782173,0.2165948897600174
372,"tensor(True, device='cuda:0')","tensor(True, device='cuda:0')",0.039066132158041,0.19120356440544128
373,"tensor(True, device='cuda:0')","tensor(True, device='cuda:0')",0.052700359374284744,0.28042393922805786
374,"tensor(True, device='cuda:0')","tensor(True, device='cuda:0')",0.026464957743883133,0.2354734241962433
375,"tensor(True, device='cuda:0')","tensor(True, device='cuda:0')",0.032303303480148315,0.30010151863098145
376,"tensor(True, device='cuda:0')","tensor(True, device='cuda:0')",0.03400048613548279,0.26379433274269104
377,"tensor(True, device='cuda:0')","tensor(True, device='cuda:0')",0.04874509200453758,0.23470106720924377
378,"tensor(True, device='cuda:0')","tensor(True, device='cuda:0')",0.027049971744418144,0.21859197318553925
379,"tensor(True, device='cuda:0')","tensor(True, device='cuda:0')",0.027379319071769714,0.2367248386144638
380,"tensor(True, device='cuda:0')","tensor(True, device='cuda:0')",0.03036501631140709,0.3129250109195709
381,"tensor(True, device='cuda:0')","tensor(True, device='cuda:0')",0.037047192454338074,0.23352742195129395
382,"tensor(True, device='cuda:0')","tensor(True, device='cuda:0')",0.03443891555070877,0.28578972816467285
383,"tensor(True, device='cuda:0')","tensor(True, device='cuda:0')",0.03706679865717888,0.2420257329940796
384,"tensor(True, device='cuda:0')","tensor(True, device='cuda:0')",0.03379153460264206,0.23878608644008636
385,"tensor(True, device='cuda:0')","tensor(True, device='cuda:0')",0.03853288292884827,0.3167196214199066
386,"tensor(True, device='cuda:0')","tensor(True, device='cuda:0')",0.03934955596923828,0.2277710735797882
387,"tensor(True, device='cuda:0')","tensor(True, device='cuda:0')",0.047679007053375244,0.20560120046138763
388,"tensor(True, device='cuda:0')","tensor(True, device='cuda:0')",0.03493804484605789,0.1954338401556015
389,"tensor(True, device='cuda:0')","tensor(True, device='cuda:0')",0.039695966988801956,0.26891717314720154
390,"tensor(True, device='cuda:0')","tensor(True, device='cuda:0')",0.03159269690513611,0.28869327902793884
391,"tensor(True, device='cuda:0')","tensor(True, device='cuda:0')",0.03190455585718155,0.2716693580150604
392,"tensor(True, device='cuda:0')","tensor(True, device='cuda:0')",0.0400586873292923,0.233648419380188
393,"tensor(True, device='cuda:0')","tensor(True, device='cuda:0')",0.04043445736169815,0.27341461181640625
394,"tensor(True, device='cuda:0')","tensor(True, device='cuda:0')",0.03337625041604042,0.19447147846221924
395,"tensor(True, device='cuda:0')","tensor(True, device='cuda:0')",0.0410795584321022,0.29725727438926697
396,"tensor(True, device='cuda:0')","tensor(True, device='cuda:0')",0.02674534171819687,0.26796162128448486
397,"tensor(True, device='cuda:0')","tensor(True, device='cuda:0')",0.058519456535577774,0.17066028714179993
398,"tensor(True, device='cuda:0')","tensor(True, device='cuda:0')",0.045517414808273315,0.22907426953315735
399,"tensor(True, device='cuda:0')","tensor(True, device='cuda:0')",0.030899181962013245,0.19447310268878937
400,"tensor(True, device='cuda:0')","tensor(True, device='cuda:0')",0.03603194281458855,0.2224639505147934
401,"tensor(True, device='cuda:0')","tensor(True, device='cuda:0')",0.03254031389951706,0.2901040017604828
402,"tensor(True, device='cuda:0')","tensor(True, device='cuda:0')",0.03448788821697235,0.24118304252624512
403,"tensor(True, device='cuda:0')","tensor(True, device='cuda:0')",0.028188245370984077,0.2516847550868988
404,"tensor(True, device='cuda:0')","tensor(True, device='cuda:0')",0.03243079036474228,0.2204548418521881
405,"tensor(True, device='cuda:0')","tensor(True, device='cuda:0')",0.02892378531396389,0.26965948939323425
406,"tensor(True, device='cuda:0')","tensor(True, device='cuda:0')",0.032573990523815155,0.3508228063583374
407,"tensor(True, device='cuda:0')","tensor(True, device='cuda:0')",0.025304723531007767,0.2723369002342224
408,"tensor(True, device='cuda:0')","tensor(True, device='cuda:0')",0.03646698221564293,0.3096892237663269
409,"tensor(True, device='cuda:0')","tensor(True, device='cuda:0')",0.03498038277029991,0.19808681309223175
410,"tensor(True, device='cuda:0')","tensor(True, device='cuda:0')",0.03092643991112709,0.2874089181423187
411,"tensor(True, device='cuda:0')","tensor(True, device='cuda:0')",0.04208990931510925,0.23016221821308136
412,"tensor(True, device='cuda:0')","tensor(True, device='cuda:0')",0.043414633721113205,0.3330927789211273
413,"tensor(True, device='cuda:0')","tensor(True, device='cuda:0')",0.03006906993687153,0.2067786008119583
414,"tensor(True, device='cuda:0')","tensor(True, device='cuda:0')",0.04402540624141693,0.2293918877840042
415,"tensor(True, device='cuda:0')","tensor(True, device='cuda:0')",0.05052100867033005,0.18211473524570465
416,"tensor(True, device='cuda:0')","tensor(True, device='cuda:0')",0.03814007341861725,0.21249328553676605
417,"tensor(True, device='cuda:0')","tensor(True, device='cuda:0')",0.02589491754770279,0.23592565953731537
418,"tensor(True, device='cuda:0')","tensor(True, device='cuda:0')",0.048683054745197296,0.269430547952652
419,"tensor(True, device='cuda:0')","tensor(True, device='cuda:0')",0.050730880349874496,0.17979153990745544
420,"tensor(True, device='cuda:0')","tensor(True, device='cuda:0')",0.036312080919742584,0.215524360537529
421,"tensor(True, device='cuda:0')","tensor(True, device='cuda:0')",0.04336666315793991,0.3009619414806366
422,"tensor(True, device='cuda:0')","tensor(True, device='cuda:0')",0.04698894917964935,0.23376551270484924
423,"tensor(True, device='cuda:0')","tensor(True, device='cuda:0')",0.031808458268642426,0.21766498684883118
424,"tensor(True, device='cuda:0')","tensor(True, device='cuda:0')",0.03894587606191635,0.2617033123970032
425,"tensor(True, device='cuda:0')","tensor(True, device='cuda:0')",0.03881259262561798,0.21405711770057678
426,"tensor(True, device='cuda:0')","tensor(True, device='cuda:0')",0.03721551224589348,0.24285303056240082
427,"tensor(True, device='cuda:0')","tensor(True, device='cuda:0')",0.037463799118995667,0.2503165006637573
428,"tensor(True, device='cuda:0')","tensor(True, device='cuda:0')",0.037136904895305634,0.3180966377258301
429,"tensor(True, device='cuda:0')","tensor(True, device='cuda:0')",0.039931997656822205,0.2535606026649475
430,"tensor(True, device='cuda:0')","tensor(True, device='cuda:0')",0.03689591586589813,0.25961872935295105
431,"tensor(True, device='cuda:0')","tensor(True, device='cuda:0')",0.02971600741147995,0.20936062932014465
432,"tensor(True, device='cuda:0')","tensor(True, device='cuda:0')",0.025943070650100708,0.2616444230079651
433,"tensor(True, device='cuda:0')","tensor(True, device='cuda:0')",0.0337522067129612,0.2637960612773895
434,"tensor(True, device='cuda:0')","tensor(True, device='cuda:0')",0.03116525709629059,0.35840311646461487
435,"tensor(True, device='cuda:0')","tensor(True, device='cuda:0')",0.03430120274424553,0.2362380474805832
436,"tensor(True, device='cuda:0')","tensor(True, device='cuda:0')",0.026743687689304352,0.18031401932239532
437,"tensor(True, device='cuda:0')","tensor(True, device='cuda:0')",0.02892308682203293,0.2208460420370102
438,"tensor(True, device='cuda:0')","tensor(True, device='cuda:0')",0.03476235643029213,0.19973699748516083
439,"tensor(True, device='cuda:0')","tensor(True, device='cuda:0')",0.02476027049124241,0.33415934443473816
440,"tensor(True, device='cuda:0')","tensor(True, device='cuda:0')",0.0352364145219326,0.280040442943573
441,"tensor(True, device='cuda:0')","tensor(True, device='cuda:0')",0.03025011718273163,0.23971281945705414
442,"tensor(True, device='cuda:0')","tensor(True, device='cuda:0')",0.034834228456020355,0.31396326422691345
443,"tensor(True, device='cuda:0')","tensor(True, device='cuda:0')",0.03410405293107033,0.20952396094799042
444,"tensor(True, device='cuda:0')","tensor(True, device='cuda:0')",0.028708534315228462,0.24228422343730927
445,"tensor(True, device='cuda:0')","tensor(True, device='cuda:0')",0.03514096140861511,0.22993791103363037
446,"tensor(True, device='cuda:0')","tensor(True, device='cuda:0')",0.041307710111141205,0.22682367265224457
447,"tensor(True, device='cuda:0')","tensor(True, device='cuda:0')",0.030452080070972443,0.2221398651599884
448,"tensor(True, device='cuda:0')","tensor(True, device='cuda:0')",0.04192454367876053,0.2627637982368469
449,"tensor(True, device='cuda:0')","tensor(True, device='cuda:0')",0.033816613256931305,0.21418073773384094
450,"tensor(True, device='cuda:0')","tensor(True, device='cuda:0')",0.026712389662861824,0.25607773661613464
451,"tensor(True, device='cuda:0')","tensor(True, device='cuda:0')",0.04041071608662605,0.22956638038158417
452,"tensor(True, device='cuda:0')","tensor(True, device='cuda:0')",0.042617425322532654,0.26269832253456116
453,"tensor(True, device='cuda:0')","tensor(True, device='cuda:0')",0.03222478926181793,0.2571011483669281
454,"tensor(True, device='cuda:0')","tensor(True, device='cuda:0')",0.03280021622776985,0.30001574754714966
455,"tensor(True, device='cuda:0')","tensor(True, device='cuda:0')",0.04640625789761543,0.272339403629303
456,"tensor(True, device='cuda:0')","tensor(True, device='cuda:0')",0.032210320234298706,0.22937794029712677
457,"tensor(True, device='cuda:0')","tensor(True, device='cuda:0')",0.03576171398162842,0.28125250339508057
458,"tensor(True, device='cuda:0')","tensor(True, device='cuda:0')",0.031351521611213684,0.2569274306297302
459,"tensor(True, device='cuda:0')","tensor(True, device='cuda:0')",0.03422936424612999,0.19803230464458466
460,"tensor(True, device='cuda:0')","tensor(True, device='cuda:0')",0.04894408956170082,0.23330707848072052
461,"tensor(True, device='cuda:0')","tensor(True, device='cuda:0')",0.03966311737895012,0.24237211048603058
462,"tensor(True, device='cuda:0')","tensor(True, device='cuda:0')",0.0358075350522995,0.22613783180713654
463,"tensor(True, device='cuda:0')","tensor(True, device='cuda:0')",0.038763657212257385,0.23107950389385223
464,"tensor(True, device='cuda:0')","tensor(True, device='cuda:0')",0.029078485444188118,0.186602383852005
465,"tensor(True, device='cuda:0')","tensor(True, device='cuda:0')",0.04759842902421951,0.2296709567308426
466,"tensor(True, device='cuda:0')","tensor(True, device='cuda:0')",0.038886163383722305,0.238462433218956
467,"tensor(True, device='cuda:0')","tensor(True, device='cuda:0')",0.04295264557003975,0.27454790472984314
468,"tensor(True, device='cuda:0')","tensor(True, device='cuda:0')",0.04686548933386803,0.21618230640888214
469,"tensor(True, device='cuda:0')","tensor(True, device='cuda:0')",0.035349681973457336,0.1892634779214859
470,"tensor(True, device='cuda:0')","tensor(True, device='cuda:0')",0.03665546327829361,0.21327553689479828
471,"tensor(True, device='cuda:0')","tensor(True, device='cuda:0')",0.033601224422454834,0.20923911035060883
472,"tensor(True, device='cuda:0')","tensor(True, device='cuda:0')",0.03432711958885193,0.291774719953537
473,"tensor(True, device='cuda:0')","tensor(True, device='cuda:0')",0.03658071905374527,0.36946773529052734
474,"tensor(True, device='cuda:0')","tensor(True, device='cuda:0')",0.027767285704612732,0.27555739879608154
475,"tensor(True, device='cuda:0')","tensor(True, device='cuda:0')",0.03778297081589699,0.23514628410339355
476,"tensor(True, device='cuda:0')","tensor(True, device='cuda:0')",0.03976152464747429,0.2908758223056793
477,"tensor(True, device='cuda:0')","tensor(True, device='cuda:0')",0.03276980295777321,0.16552609205245972
478,"tensor(True, device='cuda:0')","tensor(True, device='cuda:0')",0.03906635567545891,0.18116824328899384
479,"tensor(True, device='cuda:0')","tensor(True, device='cuda:0')",0.02658838778734207,0.23784470558166504
480,"tensor(True, device='cuda:0')","tensor(True, device='cuda:0')",0.03397595137357712,0.33078935742378235
481,"tensor(True, device='cuda:0')","tensor(True, device='cuda:0')",0.02832566201686859,0.27315768599510193
482,"tensor(True, device='cuda:0')","tensor(True, device='cuda:0')",0.025899285450577736,0.26035287976264954
483,"tensor(True, device='cuda:0')","tensor(True, device='cuda:0')",0.024446282535791397,0.21353565156459808
484,"tensor(True, device='cuda:0')","tensor(True, device='cuda:0')",0.04145710915327072,0.2520568370819092
485,"tensor(True, device='cuda:0')","tensor(True, device='cuda:0')",0.04749190807342529,0.2596823275089264
486,"tensor(True, device='cuda:0')","tensor(True, device='cuda:0')",0.02931717224419117,0.19603243470191956
487,"tensor(True, device='cuda:0')","tensor(True, device='cuda:0')",0.04463855177164078,0.25884950160980225
488,"tensor(True, device='cuda:0')","tensor(True, device='cuda:0')",0.03439977765083313,0.25258708000183105
489,"tensor(True, device='cuda:0')","tensor(True, device='cuda:0')",0.027533093467354774,0.24182216823101044
490,"tensor(True, device='cuda:0')","tensor(True, device='cuda:0')",0.03080354817211628,0.26086100935935974
491,"tensor(True, device='cuda:0')","tensor(True, device='cuda:0')",0.02618914283812046,0.20117345452308655
492,"tensor(True, device='cuda:0')","tensor(True, device='cuda:0')",0.023115895688533783,0.265062153339386
493,"tensor(True, device='cuda:0')","tensor(True, device='cuda:0')",0.03921031951904297,0.2469545602798462
494,"tensor(True, device='cuda:0')","tensor(True, device='cuda:0')",0.02973552606999874,0.2614569664001465
495,"tensor(True, device='cuda:0')","tensor(True, device='cuda:0')",0.04213865101337433,0.24723878502845764
496,"tensor(True, device='cuda:0')","tensor(True, device='cuda:0')",0.035075269639492035,0.2490062266588211
497,"tensor(True, device='cuda:0')","tensor(True, device='cuda:0')",0.041899070143699646,0.19140124320983887
498,"tensor(True, device='cuda:0')","tensor(True, device='cuda:0')",0.03984319791197777,0.22951331734657288
499,"tensor(True, device='cuda:0')","tensor(True, device='cuda:0')",0.0438368134200573,0.295820951461792
